Id,Category
0000,rose
0001,sunflower
0002,daisy
0003,daisy
0004,daisy
0005,daisy
0006,tulip
0007,tulip
0008,sunflower
0009,tulip
0010,dandelion
0011,daisy
0012,rose
0013,dandelion
0014,sunflower
0015,tulip
0016,tulip
0017,tulip
0018,sunflower
0019,rose
0020,rose
0021,sunflower
0022,sunflower
0023,dandelion
0024,rose
0025,rose
0026,rose
0027,rose
0028,tulip
0029,daisy
0030,tulip
0031,rose
0032,tulip
0033,sunflower
0034,dandelion
0035,tulip
0036,daisy
0037,tulip
0038,tulip
0039,sunflower
0040,rose
0041,daisy
0042,tulip
0043,daisy
0044,daisy
0045,sunflower
0046,dandelion
0047,tulip
0048,dandelion
0049,tulip
0050,dandelion
0051,daisy
0052,dandelion
0053,dandelion
0054,daisy
0055,sunflower
0056,dandelion
0057,daisy
0058,dandelion
0059,rose
0060,sunflower
0061,tulip
0062,tulip
0063,rose
0064,daisy
0065,tulip
0066,daisy
0067,rose
0068,tulip
0069,dandelion
0070,sunflower
0071,sunflower
0072,dandelion
0073,tulip
0074,dandelion
0075,dandelion
0076,tulip
0077,rose
0078,tulip
0079,tulip
0080,tulip
0081,tulip
0082,daisy
0083,sunflower
0084,dandelion
0085,tulip
0086,dandelion
0087,daisy
0088,daisy
0089,tulip
0090,dandelion
0091,tulip
0092,rose
0093,dandelion
0094,daisy
0095,dandelion
0096,rose
0097,dandelion
0098,daisy
0099,dandelion
0100,rose
0101,sunflower
0102,sunflower
0103,dandelion
0104,rose
0105,rose
0106,dandelion
0107,tulip
0108,tulip
0109,tulip
0110,rose
0111,sunflower
0112,rose
0113,tulip
0114,sunflower
0115,tulip
0116,dandelion
0117,dandelion
0118,dandelion
0119,daisy
0120,sunflower
0121,daisy
0122,dandelion
0123,rose
0124,daisy
0125,tulip
0126,rose
0127,dandelion
0128,rose
0129,tulip
0130,sunflower
0131,rose
0132,tulip
0133,tulip
0134,daisy
0135,rose
0136,tulip
0137,sunflower
0138,tulip
0139,dandelion
0140,dandelion
0141,dandelion
0142,dandelion
0143,dandelion
0144,daisy
0145,daisy
0146,rose
0147,rose
0148,rose
0149,dandelion
0150,dandelion
0151,daisy
0152,tulip
0153,daisy
0154,sunflower
0155,tulip
0156,sunflower
0157,rose
0158,dandelion
0159,dandelion
0160,tulip
0161,daisy
0162,rose
0163,rose
0164,dandelion
0165,rose
0166,rose
0167,tulip
0168,dandelion
0169,sunflower
0170,dandelion
0171,dandelion
0172,dandelion
0173,rose
0174,dandelion
0175,tulip
0176,sunflower
0177,sunflower
0178,dandelion
0179,dandelion
0180,tulip
0181,rose
0182,sunflower
0183,dandelion
0184,sunflower
0185,sunflower
0186,sunflower
0187,dandelion
0188,tulip
0189,sunflower
0190,tulip
0191,daisy
0192,sunflower
0193,rose
0194,tulip
0195,rose
0196,daisy
0197,tulip
0198,tulip
0199,rose
0200,rose
0201,tulip
0202,sunflower
0203,dandelion
0204,dandelion
0205,daisy
0206,rose
0207,dandelion
0208,daisy
0209,dandelion
0210,dandelion
0211,sunflower
0212,rose
0213,sunflower
0214,dandelion
0215,dandelion
0216,daisy
0217,tulip
0218,sunflower
0219,daisy
0220,dandelion
0221,rose
0222,dandelion
0223,tulip
0224,sunflower
0225,tulip
0226,tulip
0227,rose
0228,rose
0229,dandelion
0230,dandelion
0231,sunflower
0232,daisy
0233,dandelion
0234,daisy
0235,daisy
0236,dandelion
0237,daisy
0238,tulip
0239,tulip
0240,tulip
0241,sunflower
0242,daisy
0243,daisy
0244,sunflower
0245,dandelion
0246,daisy
0247,tulip
0248,daisy
0249,sunflower
0250,dandelion
0251,dandelion
0252,dandelion
0253,tulip
0254,rose
0255,sunflower
0256,tulip
0257,rose
0258,dandelion
0259,sunflower
0260,daisy
0261,tulip
0262,tulip
0263,tulip
0264,tulip
0265,rose
0266,tulip
0267,tulip
0268,sunflower
0269,tulip
0270,sunflower
0271,dandelion
0272,dandelion
0273,sunflower
0274,tulip
0275,rose
0276,dandelion
0277,tulip
0278,tulip
0279,sunflower
0280,tulip
0281,sunflower
0282,dandelion
0283,dandelion
0284,daisy
0285,tulip
0286,rose
0287,dandelion
0288,tulip
0289,daisy
0290,rose
0291,dandelion
0292,dandelion
0293,daisy
0294,dandelion
0295,sunflower
0296,tulip
0297,dandelion
0298,sunflower
0299,daisy
0300,rose
0301,tulip
0302,daisy
0303,rose
0304,dandelion
0305,dandelion
0306,tulip
0307,rose
0308,sunflower
0309,tulip
0310,tulip
0311,dandelion
0312,tulip
0313,sunflower
0314,tulip
0315,rose
0316,rose
0317,dandelion
0318,sunflower
0319,tulip
0320,daisy
0321,rose
0322,dandelion
0323,sunflower
0324,daisy
0325,daisy
0326,tulip
0327,dandelion
0328,tulip
0329,sunflower
0330,rose
0331,tulip
0332,daisy
0333,tulip
0334,rose
0335,tulip
0336,sunflower
0337,rose
0338,daisy
0339,dandelion
0340,rose
0341,daisy
0342,rose
0343,sunflower
0344,tulip
0345,dandelion
0346,dandelion
0347,daisy
0348,dandelion
0349,daisy
0350,rose
0351,dandelion
0352,rose
0353,dandelion
0354,tulip
0355,dandelion
0356,rose
0357,daisy
0358,tulip
0359,rose
0360,dandelion
0361,dandelion
0362,dandelion
0363,rose
0364,sunflower
0365,tulip
0366,daisy
0367,sunflower
0368,rose
0369,daisy
0370,daisy
0371,tulip
0372,dandelion
0373,daisy
0374,rose
0375,tulip
0376,daisy
0377,rose
0378,daisy
0379,rose
0380,sunflower
0381,daisy
0382,sunflower
0383,sunflower
0384,tulip
0385,sunflower
0386,sunflower
0387,dandelion
0388,dandelion
0389,dandelion
0390,tulip
0391,rose
0392,rose
0393,dandelion
0394,dandelion
0395,dandelion
0396,sunflower
0397,tulip
0398,daisy
0399,tulip
0400,tulip
0401,rose
0402,daisy
0403,rose
0404,sunflower
0405,daisy
0406,tulip
0407,tulip
0408,rose
0409,tulip
0410,sunflower
0411,sunflower
0412,rose
0413,daisy
0414,tulip
0415,dandelion
0416,sunflower
0417,sunflower
0418,dandelion
0419,dandelion
0420,sunflower
0421,dandelion
0422,daisy
0423,rose
0424,rose
0425,dandelion
0426,rose
0427,tulip
0428,sunflower
0429,dandelion
0430,dandelion
0431,daisy
0432,tulip
0433,tulip
0434,sunflower
0435,dandelion
0436,tulip
0437,dandelion
0438,dandelion
0439,sunflower
0440,dandelion
0441,daisy
0442,dandelion
0443,tulip
0444,rose
0445,tulip
0446,tulip
0447,tulip
0448,daisy
0449,daisy
0450,tulip
0451,daisy
0452,tulip
0453,sunflower
0454,tulip
0455,daisy
0456,tulip
0457,daisy
0458,daisy
0459,dandelion
0460,rose
0461,dandelion
0462,dandelion
0463,sunflower
0464,tulip
0465,dandelion
0466,daisy
0467,sunflower
0468,dandelion
0469,tulip
0470,rose
0471,daisy
0472,tulip
0473,rose
0474,rose
0475,dandelion
0476,tulip
0477,sunflower
0478,rose
0479,sunflower
0480,dandelion
0481,daisy
0482,tulip
0483,daisy
0484,daisy
0485,rose
0486,sunflower
0487,rose
0488,daisy
0489,sunflower
0490,daisy
0491,dandelion
0492,tulip
0493,rose
0494,tulip
0495,daisy
0496,daisy
0497,daisy
0498,dandelion
0499,tulip
0500,rose
0501,rose
0502,sunflower
0503,sunflower
0504,sunflower
0505,dandelion
0506,rose
0507,dandelion
0508,tulip
0509,daisy
0510,tulip
0511,rose
0512,tulip
0513,dandelion
0514,daisy
0515,sunflower
0516,rose
0517,rose
0518,tulip
0519,tulip
0520,tulip
0521,daisy
0522,daisy
0523,dandelion
0524,tulip
0525,sunflower
0526,daisy
0527,rose
0528,sunflower
0529,tulip
0530,daisy
0531,daisy
0532,tulip
0533,sunflower
0534,dandelion
0535,sunflower
0536,dandelion
0537,sunflower
0538,dandelion
0539,sunflower
0540,rose
0541,sunflower
0542,dandelion
0543,dandelion
0544,dandelion
0545,rose
0546,dandelion
0547,tulip
0548,dandelion
0549,dandelion
0550,daisy
0551,rose
0552,rose
0553,dandelion
0554,rose
0555,tulip
0556,daisy
0557,tulip
0558,sunflower
0559,daisy
0560,rose
0561,daisy
0562,dandelion
0563,dandelion
0564,tulip
0565,daisy
0566,rose
0567,dandelion
0568,daisy
0569,dandelion
0570,sunflower
0571,tulip
0572,dandelion
0573,rose
0574,daisy
0575,sunflower
0576,daisy
0577,rose
0578,rose
0579,dandelion
0580,tulip
0581,tulip
0582,daisy
0583,daisy
0584,tulip
0585,dandelion
0586,tulip
0587,daisy
0588,daisy
0589,daisy
0590,dandelion
0591,tulip
0592,tulip
0593,tulip
0594,rose
0595,sunflower
0596,dandelion
0597,dandelion
0598,tulip
0599,daisy
0600,tulip
0601,daisy
0602,daisy
0603,daisy
0604,daisy
0605,rose
0606,sunflower
0607,tulip
0608,tulip
0609,tulip
0610,daisy
0611,dandelion
0612,dandelion
0613,tulip
0614,sunflower
0615,sunflower
0616,rose
0617,dandelion
0618,rose
0619,tulip
0620,dandelion
0621,tulip
0622,dandelion
0623,dandelion
0624,rose
0625,dandelion
0626,rose
0627,tulip
0628,tulip
0629,daisy
0630,sunflower
0631,dandelion
0632,tulip
0633,tulip
0634,tulip
0635,tulip
0636,sunflower
0637,tulip
0638,tulip
0639,rose
0640,rose
0641,tulip
0642,rose
0643,dandelion
0644,sunflower
0645,dandelion
0646,tulip
0647,tulip
0648,rose
0649,rose
0650,dandelion
0651,sunflower
0652,rose
0653,dandelion
0654,dandelion
0655,tulip
0656,daisy
0657,tulip
0658,daisy
0659,sunflower
0660,rose
0661,dandelion
0662,tulip
0663,daisy
0664,daisy
0665,daisy
0666,sunflower
0667,sunflower
0668,daisy
0669,daisy
0670,daisy
0671,tulip
0672,dandelion
0673,sunflower
0674,dandelion
0675,sunflower
0676,tulip
0677,daisy
0678,daisy
0679,rose
0680,sunflower
0681,rose
0682,daisy
0683,rose
0684,rose
0685,daisy
0686,tulip
0687,rose
0688,tulip
0689,sunflower
0690,tulip
0691,dandelion
0692,dandelion
0693,dandelion
0694,dandelion
0695,sunflower
0696,dandelion
0697,dandelion
0698,daisy
0699,dandelion
0700,tulip
0701,daisy
0702,sunflower
0703,sunflower
0704,dandelion
0705,dandelion
0706,dandelion
0707,tulip
0708,sunflower
0709,daisy
0710,dandelion
0711,dandelion
0712,tulip
0713,daisy
0714,sunflower
0715,dandelion
0716,sunflower
0717,tulip
0718,tulip
0719,sunflower
0720,tulip
0721,sunflower
0722,tulip
0723,tulip
0724,dandelion
0725,tulip
0726,rose
0727,dandelion
0728,daisy
0729,sunflower
0730,dandelion
0731,tulip
0732,dandelion
0733,daisy
0734,rose
0735,tulip
0736,sunflower
0737,sunflower
0738,daisy
0739,dandelion
0740,rose
0741,tulip
0742,tulip
0743,sunflower
0744,sunflower
0745,dandelion
0746,rose
0747,tulip
0748,daisy
0749,dandelion
0750,daisy
0751,daisy
0752,dandelion
0753,tulip
0754,dandelion
0755,dandelion
0756,tulip
0757,tulip
0758,tulip
0759,tulip
0760,sunflower
0761,tulip
0762,dandelion
0763,sunflower
0764,dandelion
0765,rose
0766,tulip
0767,daisy
0768,tulip
0769,daisy
0770,tulip
0771,sunflower
0772,tulip
0773,rose
0774,dandelion
0775,rose
0776,tulip
0777,dandelion
0778,tulip
0779,rose
0780,rose
0781,sunflower
0782,dandelion
0783,rose
0784,sunflower
0785,tulip
0786,sunflower
0787,tulip
0788,daisy
0789,daisy
0790,daisy
0791,rose
0792,tulip
0793,dandelion
0794,dandelion
0795,dandelion
0796,sunflower
0797,daisy
0798,tulip
0799,sunflower
0800,tulip
0801,daisy
0802,dandelion
0803,tulip
0804,daisy
0805,daisy
0806,tulip
0807,tulip
0808,tulip
0809,tulip
0810,dandelion
0811,tulip
0812,rose
0813,dandelion
0814,daisy
0815,sunflower
0816,daisy
0817,rose
0818,dandelion
0819,rose
0820,tulip
0821,dandelion
0822,dandelion
0823,rose
0824,rose
0825,rose
0826,tulip
0827,daisy
0828,sunflower
0829,sunflower
0830,dandelion
0831,dandelion
0832,dandelion
0833,tulip
0834,tulip
0835,rose
0836,sunflower
0837,daisy
0838,rose
0839,rose
0840,sunflower
0841,daisy
0842,rose
0843,rose
0844,sunflower
0845,rose
0846,rose
0847,dandelion
0848,daisy
0849,dandelion
0850,rose
0851,rose
0852,dandelion
0853,dandelion
0854,sunflower
0855,dandelion
0856,sunflower
0857,rose
0858,tulip
0859,sunflower
0860,dandelion
0861,daisy
0862,dandelion
0863,sunflower
0864,tulip
0865,rose
0866,rose
0867,sunflower
0868,rose
0869,tulip
0870,daisy
0871,daisy
0872,daisy
0873,daisy
0874,rose
0875,sunflower
0876,sunflower
0877,tulip
0878,dandelion
0879,dandelion
0880,sunflower
0881,daisy
0882,tulip
0883,sunflower
0884,dandelion
0885,dandelion
0886,dandelion
0887,tulip
0888,dandelion
0889,dandelion
0890,tulip
0891,tulip
0892,tulip
0893,dandelion
0894,tulip
0895,rose
0896,daisy
0897,daisy
0898,tulip
0899,dandelion
0900,daisy
0901,rose
0902,sunflower
0903,dandelion
0904,dandelion
0905,sunflower
0906,daisy
0907,dandelion
0908,tulip
0909,tulip
0910,daisy
0911,dandelion
0912,daisy
0913,tulip
0914,daisy
0915,sunflower
0916,rose
0917,rose
0918,dandelion
0919,dandelion
0920,dandelion
0921,dandelion
0922,tulip
0923,tulip
0924,dandelion
0925,tulip
0926,dandelion
0927,dandelion
0928,dandelion
0929,daisy
0930,dandelion
0931,rose
0932,rose
0933,rose
0934,tulip
0935,daisy
0936,daisy
0937,sunflower
0938,dandelion
0939,tulip
0940,rose
0941,tulip
0942,daisy
0943,dandelion
0944,dandelion
0945,daisy
0946,dandelion
0947,daisy
0948,daisy
0949,dandelion
0950,rose
0951,rose
0952,daisy
0953,daisy
0954,tulip
0955,daisy
0956,tulip
0957,tulip
0958,dandelion
0959,rose
0960,tulip
0961,daisy
0962,sunflower
0963,tulip
0964,dandelion
0965,daisy
0966,tulip
0967,rose
0968,tulip
0969,tulip
0970,tulip
0971,rose
0972,rose
0973,dandelion
0974,daisy
0975,tulip
0976,rose
0977,rose
0978,rose
0979,rose
0980,daisy
0981,sunflower
0982,daisy
0983,tulip
0984,daisy
0985,tulip
0986,rose
0987,rose
0988,sunflower
0989,tulip
0990,rose
0991,rose
0992,rose
0993,rose
0994,dandelion
0995,tulip
0996,daisy
0997,rose
0998,tulip
0999,rose
1000,daisy
1001,sunflower
1002,sunflower
1003,rose
1004,dandelion
1005,dandelion
1006,tulip
1007,dandelion
1008,dandelion
1009,tulip
1010,sunflower
1011,dandelion
1012,rose
1013,tulip
1014,tulip
1015,sunflower
1016,rose
1017,tulip
1018,sunflower
1019,sunflower
1020,sunflower
1021,tulip
1022,tulip
1023,sunflower
1024,daisy
1025,tulip
1026,sunflower
1027,sunflower
1028,tulip
1029,dandelion
1030,dandelion
1031,sunflower
1032,dandelion
1033,dandelion
1034,rose
1035,dandelion
1036,sunflower
1037,rose
1038,rose
1039,dandelion
1040,sunflower
1041,dandelion
1042,rose
1043,dandelion
1044,rose
1045,sunflower
1046,sunflower
1047,dandelion
1048,tulip
1049,tulip
1050,tulip
1051,rose
1052,dandelion
1053,rose
1054,rose
1055,dandelion
1056,daisy
1057,dandelion
1058,tulip
1059,tulip
1060,tulip
1061,rose
1062,rose
1063,dandelion
1064,rose
1065,dandelion
1066,dandelion
1067,daisy
1068,rose
1069,daisy
1070,tulip
1071,rose
1072,tulip
1073,dandelion
1074,tulip
1075,tulip
1076,tulip
1077,daisy
1078,rose
1079,daisy
1080,tulip
1081,tulip
1082,dandelion
1083,dandelion
1084,sunflower
1085,rose
1086,tulip
1087,sunflower
1088,dandelion
1089,daisy
1090,tulip
1091,dandelion
1092,rose
1093,daisy
1094,dandelion
1095,daisy
1096,daisy
1097,tulip
1098,tulip
1099,sunflower
1100,rose
1101,sunflower
1102,sunflower
1103,sunflower
1104,dandelion
1105,rose
1106,tulip
1107,daisy
1108,daisy
1109,rose
1110,sunflower
1111,rose
1112,rose
1113,rose
1114,rose
1115,dandelion
1116,sunflower
1117,rose
1118,rose
1119,dandelion
1120,sunflower
1121,sunflower
1122,tulip
1123,tulip
1124,dandelion
1125,rose
1126,dandelion
1127,tulip
1128,tulip
1129,sunflower
1130,sunflower
1131,sunflower
1132,rose
1133,tulip
1134,dandelion
1135,rose
1136,dandelion
1137,rose
1138,rose
1139,tulip
1140,tulip
1141,rose
1142,tulip
1143,sunflower
1144,rose
1145,daisy
1146,tulip
1147,dandelion
1148,tulip
1149,sunflower
1150,tulip
1151,daisy
1152,tulip
1153,dandelion
1154,tulip
1155,dandelion
1156,daisy
1157,dandelion
1158,dandelion
1159,tulip
1160,tulip
1161,tulip
1162,rose
1163,daisy
1164,dandelion
1165,sunflower
1166,rose
1167,tulip
1168,rose
1169,rose
1170,daisy
1171,sunflower
1172,dandelion
1173,tulip
1174,daisy
1175,rose
1176,sunflower
1177,dandelion
1178,daisy
1179,tulip
1180,tulip
1181,dandelion
1182,dandelion
1183,rose
1184,dandelion
1185,dandelion
1186,rose
1187,sunflower
1188,daisy
1189,daisy
1190,sunflower
1191,rose
1192,dandelion
1193,dandelion
1194,rose
1195,tulip
1196,sunflower
1197,rose
1198,dandelion
1199,sunflower
1200,tulip
1201,dandelion
1202,daisy
1203,sunflower
1204,dandelion
1205,tulip
1206,daisy
1207,rose
1208,dandelion
1209,dandelion
1210,tulip
1211,sunflower
1212,tulip
1213,sunflower
1214,daisy
1215,daisy
1216,tulip
1217,tulip
1218,tulip
1219,daisy
1220,tulip
1221,dandelion
1222,daisy
1223,sunflower
1224,tulip
1225,rose
1226,sunflower
1227,daisy
1228,tulip
1229,daisy
1230,dandelion
1231,sunflower
1232,daisy
1233,rose
1234,tulip
1235,daisy
1236,dandelion
1237,sunflower
1238,tulip
1239,tulip
1240,rose
1241,rose
1242,sunflower
1243,daisy
1244,daisy
1245,tulip
1246,rose
1247,tulip
1248,sunflower
1249,dandelion
1250,daisy
1251,dandelion
1252,daisy
1253,daisy
1254,dandelion
1255,daisy
1256,sunflower
1257,rose
1258,tulip
1259,tulip
1260,rose
1261,rose
1262,sunflower
1263,sunflower
1264,daisy
1265,daisy
1266,dandelion
1267,tulip
1268,dandelion
1269,rose
1270,sunflower
1271,daisy
1272,sunflower
1273,sunflower
1274,dandelion
1275,sunflower
1276,dandelion
1277,sunflower
1278,rose
1279,dandelion
1280,dandelion
1281,tulip
1282,tulip
1283,dandelion
1284,tulip
1285,daisy
1286,rose
1287,dandelion
1288,dandelion
1289,daisy
1290,tulip
1291,sunflower
1292,dandelion
1293,dandelion
1294,tulip
1295,rose
1296,tulip
1297,tulip
1298,tulip
1299,daisy
1300,sunflower
1301,rose
1302,dandelion
1303,dandelion
1304,rose
1305,tulip
1306,sunflower
1307,daisy
1308,tulip
1309,dandelion
1310,tulip
1311,daisy
1312,sunflower
1313,sunflower
1314,sunflower
1315,dandelion
1316,rose
1317,daisy
1318,dandelion
1319,tulip
1320,sunflower
1321,tulip
1322,sunflower
1323,sunflower
1324,daisy
1325,dandelion
1326,sunflower
1327,sunflower
1328,sunflower
1329,sunflower
1330,dandelion
1331,rose
1332,daisy
1333,daisy
1334,sunflower
1335,dandelion
1336,dandelion
1337,tulip
1338,sunflower
1339,rose
1340,dandelion
1341,rose
1342,daisy
1343,dandelion
1344,daisy
1345,sunflower
1346,dandelion
1347,dandelion
1348,sunflower
1349,tulip
1350,sunflower
1351,daisy
1352,dandelion
1353,daisy
1354,dandelion
1355,daisy
1356,rose
1357,tulip
1358,tulip
1359,tulip
1360,sunflower
1361,rose
1362,rose
1363,tulip
1364,tulip
1365,tulip
1366,daisy
1367,rose
1368,rose
1369,dandelion
1370,tulip
1371,tulip
1372,sunflower
1373,tulip
1374,dandelion
1375,rose
1376,sunflower
1377,rose
1378,tulip
1379,daisy
1380,dandelion
1381,tulip
1382,daisy
1383,daisy
1384,rose
1385,dandelion
1386,tulip
1387,sunflower
1388,tulip
1389,dandelion
1390,tulip
1391,tulip
1392,tulip
1393,daisy
1394,daisy
1395,sunflower
1396,rose
1397,tulip
1398,dandelion
1399,dandelion
1400,tulip
1401,dandelion
1402,rose
1403,tulip
1404,dandelion
1405,dandelion
1406,dandelion
1407,tulip
1408,sunflower
1409,daisy
1410,tulip
1411,rose
1412,sunflower
1413,rose
1414,sunflower
1415,dandelion
1416,daisy
1417,daisy
1418,dandelion
1419,sunflower
1420,daisy
1421,rose
1422,daisy
1423,dandelion
1424,rose
1425,rose
1426,dandelion
1427,daisy
1428,tulip
1429,rose
1430,dandelion
1431,dandelion
1432,dandelion
1433,dandelion
1434,dandelion
1435,rose
1436,daisy
1437,tulip
1438,rose
1439,tulip
1440,sunflower
1441,rose
1442,daisy
1443,sunflower
1444,rose
1445,tulip
1446,dandelion
1447,sunflower
1448,sunflower
1449,sunflower
1450,dandelion
1451,tulip
1452,tulip
1453,dandelion
1454,rose
1455,rose
1456,tulip
1457,rose
1458,daisy
1459,sunflower
1460,tulip
1461,dandelion
1462,rose
1463,daisy
1464,daisy
1465,sunflower
1466,tulip
1467,daisy
1468,dandelion
1469,rose
1470,tulip
1471,dandelion
1472,tulip
1473,dandelion
1474,daisy
1475,daisy
1476,tulip
1477,rose
1478,daisy
1479,daisy
1480,dandelion
1481,rose
1482,dandelion
1483,sunflower
1484,daisy
1485,rose
1486,dandelion
1487,dandelion
1488,sunflower
1489,daisy
1490,dandelion
1491,tulip
1492,dandelion
1493,dandelion
1494,rose
1495,sunflower
1496,dandelion
1497,rose
1498,rose
1499,sunflower
1500,dandelion
1501,daisy
1502,sunflower
1503,tulip
1504,daisy
1505,dandelion
1506,rose
1507,sunflower
1508,dandelion
1509,daisy
1510,rose
1511,rose
1512,daisy
1513,tulip
1514,tulip
1515,rose
1516,rose
1517,tulip
1518,rose
1519,sunflower
1520,tulip
1521,daisy
1522,rose
1523,dandelion
1524,tulip
1525,rose
1526,sunflower
1527,sunflower
1528,rose
1529,tulip
1530,tulip
1531,daisy
1532,tulip
1533,sunflower
1534,daisy
1535,tulip
1536,rose
1537,sunflower
1538,daisy
1539,tulip
1540,dandelion
1541,rose
1542,sunflower
1543,dandelion
1544,tulip
1545,sunflower
1546,daisy
1547,sunflower
1548,sunflower
1549,rose
1550,tulip
1551,tulip
1552,daisy
1553,dandelion
1554,tulip
1555,daisy
1556,tulip
1557,sunflower
1558,tulip
1559,rose
1560,tulip
1561,tulip
1562,dandelion
1563,dandelion
1564,tulip
1565,rose
1566,daisy
1567,tulip
1568,sunflower
1569,tulip
1570,daisy
1571,dandelion
1572,rose
1573,rose
1574,tulip
1575,daisy
1576,dandelion
1577,rose
1578,tulip
1579,dandelion
1580,sunflower
1581,rose
1582,tulip
1583,daisy
1584,daisy
1585,dandelion
1586,tulip
1587,sunflower
1588,rose
1589,sunflower
1590,dandelion
1591,daisy
1592,tulip
1593,daisy
1594,tulip
1595,dandelion
1596,dandelion
1597,sunflower
1598,daisy
1599,tulip
1600,dandelion
1601,dandelion
1602,tulip
1603,rose
1604,tulip
1605,tulip
1606,daisy
1607,dandelion
1608,daisy
1609,dandelion
1610,tulip
1611,dandelion
1612,dandelion
1613,dandelion
1614,dandelion
1615,daisy
1616,daisy
1617,rose
1618,sunflower
1619,tulip
1620,sunflower
1621,dandelion
1622,tulip
1623,dandelion
1624,daisy
1625,sunflower
1626,tulip
1627,rose
1628,tulip
1629,tulip
1630,dandelion
1631,rose
1632,tulip
1633,daisy
1634,sunflower
1635,dandelion
1636,daisy
1637,sunflower
1638,daisy
1639,dandelion
1640,tulip
1641,dandelion
1642,daisy
1643,sunflower
1644,dandelion
1645,rose
1646,dandelion
1647,rose
1648,rose
1649,daisy
1650,rose
1651,dandelion
1652,dandelion
1653,dandelion
1654,rose
1655,dandelion
1656,dandelion
1657,tulip
1658,tulip
1659,sunflower
1660,tulip
1661,sunflower
1662,dandelion
1663,sunflower
1664,daisy
1665,tulip
1666,dandelion
1667,dandelion
1668,tulip
1669,tulip
1670,tulip
1671,rose
1672,dandelion
1673,sunflower
1674,tulip
1675,rose
1676,rose
1677,sunflower
1678,tulip
1679,sunflower
1680,tulip
1681,tulip
1682,rose
1683,sunflower
1684,dandelion
1685,daisy
1686,dandelion
1687,dandelion
1688,daisy
1689,daisy
1690,rose
1691,sunflower
1692,dandelion
1693,daisy
1694,sunflower
1695,rose
1696,daisy
1697,dandelion
1698,sunflower
1699,sunflower
1700,daisy
1701,dandelion
1702,tulip
1703,sunflower
1704,dandelion
1705,daisy
1706,rose
1707,tulip
1708,tulip
1709,tulip
1710,rose
1711,dandelion
1712,tulip
1713,daisy
1714,daisy
1715,dandelion
1716,dandelion
1717,dandelion
1718,dandelion
1719,sunflower
1720,rose
1721,daisy
1722,tulip
1723,rose
1724,tulip
1725,sunflower
1726,daisy
1727,dandelion
1728,rose
1729,sunflower
1730,rose
1731,tulip
1732,dandelion
1733,dandelion
1734,rose
1735,dandelion
1736,dandelion
1737,daisy
1738,tulip
1739,tulip
1740,dandelion
1741,daisy
1742,daisy
1743,daisy
1744,rose
1745,tulip
1746,rose
1747,dandelion
1748,sunflower
1749,rose
1750,tulip
1751,rose
1752,daisy
1753,dandelion
1754,tulip
1755,dandelion
1756,rose
1757,rose
1758,dandelion
1759,tulip
1760,dandelion
1761,tulip
1762,sunflower
1763,tulip
1764,tulip
1765,rose
1766,daisy
1767,tulip
1768,dandelion
1769,rose
1770,sunflower
1771,daisy
1772,tulip
1773,daisy
1774,rose
1775,rose
1776,daisy
1777,tulip
1778,daisy
1779,dandelion
1780,daisy
1781,daisy
1782,dandelion
1783,tulip
1784,daisy
1785,dandelion
1786,rose
1787,sunflower
1788,tulip
1789,daisy
1790,rose
1791,tulip
1792,sunflower
1793,sunflower
1794,dandelion
1795,daisy
1796,sunflower
1797,dandelion
1798,tulip
1799,daisy
1800,sunflower
1801,sunflower
1802,tulip
1803,dandelion
1804,rose
1805,sunflower
1806,rose
1807,daisy
1808,dandelion
1809,daisy
1810,tulip
1811,daisy
1812,tulip
1813,sunflower
1814,rose
1815,dandelion
1816,sunflower
1817,daisy
1818,tulip
1819,tulip
1820,sunflower
1821,dandelion
1822,dandelion
1823,dandelion
1824,tulip
1825,dandelion
1826,dandelion
1827,dandelion
1828,dandelion
1829,daisy
1830,dandelion
1831,tulip
1832,rose
1833,rose
1834,dandelion
1835,rose
1836,tulip
1837,rose
1838,tulip
1839,daisy
1840,dandelion
1841,sunflower
1842,rose
1843,rose
1844,daisy
1845,daisy
1846,daisy
1847,daisy
1848,sunflower
1849,dandelion
1850,rose
1851,dandelion
1852,rose
1853,tulip
1854,daisy
1855,rose
1856,rose
1857,sunflower
1858,tulip
1859,daisy
1860,tulip
1861,dandelion
1862,daisy
1863,sunflower
1864,tulip
1865,rose
1866,dandelion
1867,tulip
1868,daisy
1869,daisy
1870,dandelion
1871,dandelion
1872,rose
1873,daisy
1874,rose
1875,sunflower
1876,dandelion
1877,dandelion
1878,daisy
1879,rose
1880,tulip
1881,dandelion
1882,dandelion
1883,dandelion
1884,sunflower
1885,sunflower
1886,tulip
1887,rose
1888,dandelion
1889,tulip
1890,tulip
1891,rose
1892,sunflower
1893,daisy
1894,dandelion
1895,tulip
1896,tulip
1897,tulip
1898,daisy
1899,daisy
1900,rose
1901,tulip
1902,daisy
1903,daisy
1904,dandelion
1905,tulip
1906,rose
1907,dandelion
1908,rose
1909,tulip
1910,rose
1911,daisy
1912,sunflower
1913,dandelion
1914,rose
1915,dandelion
1916,tulip
1917,sunflower
1918,dandelion
1919,rose
1920,daisy
1921,rose
1922,tulip
1923,dandelion
1924,tulip
1925,rose
1926,sunflower
1927,dandelion
1928,rose
1929,daisy
1930,dandelion
1931,sunflower
1932,sunflower
1933,dandelion
1934,daisy
1935,dandelion
1936,tulip
1937,tulip
1938,sunflower
1939,tulip
1940,sunflower
1941,dandelion
1942,dandelion
1943,daisy
1944,tulip
1945,rose
1946,sunflower
1947,rose
1948,daisy
1949,daisy
1950,rose
1951,sunflower
1952,rose
1953,sunflower
1954,sunflower
1955,daisy
1956,sunflower
1957,daisy
1958,tulip
1959,dandelion
1960,dandelion
1961,tulip
1962,dandelion
1963,tulip
1964,dandelion
1965,dandelion
1966,daisy
1967,rose
1968,tulip
1969,dandelion
1970,dandelion
1971,dandelion
1972,rose
1973,rose
1974,tulip
1975,daisy
1976,daisy
1977,rose
1978,sunflower
1979,daisy
1980,daisy
1981,dandelion
1982,rose
1983,tulip
1984,dandelion
1985,rose
1986,sunflower
1987,dandelion
1988,rose
1989,rose
1990,dandelion
1991,tulip
1992,dandelion
1993,rose
1994,sunflower
1995,sunflower
1996,sunflower
1997,daisy
1998,tulip
1999,sunflower
2000,daisy
2001,dandelion
2002,tulip
2003,dandelion
2004,sunflower
2005,daisy
2006,sunflower
2007,rose
2008,tulip
2009,dandelion
2010,daisy
2011,rose
2012,dandelion
2013,rose
2014,dandelion
2015,rose
2016,dandelion
2017,daisy
2018,daisy
2019,dandelion
2020,sunflower
2021,dandelion
2022,sunflower
2023,sunflower
2024,daisy
2025,rose
2026,tulip
2027,dandelion
2028,rose
2029,rose
2030,sunflower
2031,dandelion
2032,dandelion
2033,dandelion
2034,tulip
2035,rose
2036,dandelion
2037,dandelion
2038,dandelion
2039,daisy
2040,sunflower
2041,daisy
2042,rose
2043,daisy
2044,dandelion
2045,sunflower
2046,dandelion
2047,tulip
2048,sunflower
2049,dandelion
2050,tulip
2051,daisy
2052,tulip
2053,tulip
2054,sunflower
2055,daisy
2056,tulip
2057,dandelion
2058,sunflower
2059,rose
2060,rose
2061,dandelion
2062,dandelion
2063,dandelion
2064,daisy
2065,daisy
2066,rose
2067,tulip
2068,dandelion
2069,rose
2070,tulip
2071,dandelion
2072,dandelion
2073,daisy
2074,daisy
2075,tulip
2076,sunflower
2077,daisy
2078,rose
2079,daisy
2080,dandelion
2081,tulip
2082,dandelion
2083,tulip
2084,rose
2085,rose
2086,tulip
2087,daisy
2088,daisy
2089,rose
2090,daisy
2091,rose
2092,rose
2093,rose
2094,tulip
2095,daisy
2096,sunflower
2097,dandelion
2098,dandelion
2099,dandelion
2100,dandelion
2101,sunflower
2102,tulip
2103,tulip
2104,tulip
2105,rose
2106,rose
2107,dandelion
2108,tulip
2109,rose
2110,rose
2111,dandelion
2112,dandelion
2113,tulip
2114,tulip
2115,rose
2116,tulip
2117,daisy
2118,tulip
2119,rose
2120,dandelion
2121,dandelion
2122,daisy
2123,tulip
2124,daisy
2125,sunflower
2126,tulip
2127,daisy
2128,sunflower
2129,dandelion
2130,tulip
2131,daisy
2132,dandelion
2133,daisy
2134,dandelion
2135,tulip
2136,sunflower
2137,dandelion
2138,rose
2139,dandelion
2140,tulip
2141,daisy
2142,rose
2143,sunflower
2144,rose
2145,dandelion
2146,rose
2147,tulip
2148,dandelion
2149,dandelion
2150,dandelion
2151,rose
2152,tulip
2153,sunflower
2154,daisy
2155,dandelion
2156,dandelion
2157,rose
2158,sunflower
2159,daisy
2160,daisy
2161,tulip
2162,sunflower
2163,tulip
2164,tulip
2165,tulip
2166,sunflower
2167,tulip
2168,tulip
2169,sunflower
2170,dandelion
2171,sunflower
2172,dandelion
2173,tulip
2174,dandelion
2175,sunflower
2176,dandelion
2177,daisy
2178,rose
2179,rose
2180,tulip
2181,dandelion
2182,tulip
2183,rose
2184,sunflower
2185,dandelion
2186,sunflower
2187,dandelion
2188,dandelion
2189,daisy
2190,tulip
2191,sunflower
2192,tulip
2193,rose
2194,tulip
2195,daisy
2196,sunflower
2197,sunflower
2198,tulip
2199,dandelion
2200,dandelion
2201,tulip
2202,rose
2203,tulip
2204,daisy
2205,rose
2206,rose
2207,sunflower
2208,sunflower
2209,dandelion
2210,rose
2211,tulip
2212,sunflower
2213,tulip
2214,tulip
2215,rose
2216,tulip
2217,daisy
2218,dandelion
2219,rose
2220,rose
2221,rose
2222,dandelion
2223,dandelion
2224,rose
2225,sunflower
2226,dandelion
2227,tulip
2228,tulip
2229,daisy
2230,tulip
2231,dandelion
2232,daisy
2233,tulip
2234,tulip
2235,rose
2236,sunflower
2237,sunflower
2238,rose
2239,sunflower
2240,daisy
2241,rose
2242,rose
2243,tulip
2244,dandelion
2245,dandelion
2246,dandelion
2247,daisy
2248,tulip
2249,daisy
2250,tulip
2251,dandelion
2252,tulip
2253,tulip
2254,tulip
2255,dandelion
2256,sunflower
2257,tulip
2258,tulip
2259,sunflower
2260,daisy
2261,rose
2262,dandelion
2263,dandelion
2264,tulip
2265,dandelion
2266,dandelion
2267,tulip
2268,dandelion
2269,tulip
2270,tulip
2271,sunflower
2272,tulip
2273,tulip
2274,rose
2275,sunflower
2276,dandelion
2277,tulip
2278,tulip
2279,tulip
2280,sunflower
2281,dandelion
2282,rose
2283,rose
2284,daisy
2285,daisy
2286,rose
2287,tulip
2288,daisy
2289,dandelion
2290,tulip
2291,tulip
2292,sunflower
2293,sunflower
2294,rose
2295,daisy
2296,tulip
2297,daisy
2298,dandelion
2299,tulip
2300,sunflower
2301,tulip
2302,dandelion
2303,dandelion
2304,dandelion
2305,rose
2306,daisy
2307,tulip
2308,tulip
2309,dandelion
2310,daisy
2311,dandelion
2312,tulip
2313,sunflower
2314,sunflower
2315,tulip
2316,dandelion
2317,tulip
2318,dandelion
2319,rose
2320,dandelion
2321,sunflower
2322,dandelion
2323,rose
2324,tulip
2325,rose
2326,tulip
2327,rose
2328,daisy
2329,daisy
2330,rose
2331,tulip
2332,dandelion
2333,rose
2334,dandelion
2335,daisy
2336,sunflower
2337,dandelion
2338,dandelion
2339,daisy
2340,daisy
2341,tulip
2342,tulip
2343,sunflower
2344,rose
2345,sunflower
2346,tulip
2347,sunflower
2348,sunflower
2349,dandelion
2350,daisy
2351,rose
2352,rose
2353,tulip
2354,sunflower
2355,dandelion
2356,dandelion
2357,dandelion
2358,dandelion
2359,rose
2360,sunflower
2361,sunflower
2362,daisy
2363,tulip
2364,dandelion
2365,dandelion
2366,tulip
2367,sunflower
2368,dandelion
2369,rose
2370,dandelion
2371,rose
2372,daisy
2373,dandelion
2374,dandelion
2375,dandelion
2376,daisy
2377,tulip
2378,rose
2379,rose
2380,tulip
2381,dandelion
2382,daisy
2383,sunflower
2384,dandelion
2385,daisy
2386,dandelion
2387,dandelion
2388,dandelion
2389,dandelion
2390,daisy
2391,dandelion
2392,tulip
2393,daisy
2394,dandelion
2395,daisy
2396,dandelion
2397,tulip
2398,daisy
2399,rose
2400,sunflower
2401,rose
2402,dandelion
2403,dandelion
2404,daisy
2405,dandelion
2406,rose
2407,dandelion
2408,rose
2409,daisy
2410,rose
2411,dandelion
2412,daisy
2413,tulip
2414,dandelion
2415,sunflower
2416,sunflower
2417,sunflower
2418,rose
2419,dandelion
2420,tulip
2421,dandelion
2422,dandelion
2423,dandelion
2424,rose
2425,tulip
2426,daisy
2427,rose
2428,sunflower
2429,dandelion
2430,dandelion
2431,tulip
2432,dandelion
2433,tulip
2434,rose
2435,daisy
2436,tulip
2437,sunflower
2438,tulip
2439,daisy
2440,sunflower
2441,rose
2442,tulip
2443,dandelion
2444,rose
2445,daisy
2446,dandelion
2447,rose
2448,rose
2449,tulip
2450,sunflower
2451,dandelion
2452,rose
2453,rose
2454,dandelion
2455,rose
2456,sunflower
2457,daisy
2458,daisy
2459,dandelion
2460,tulip
2461,rose
2462,sunflower
2463,daisy
2464,daisy
2465,tulip
2466,tulip
2467,sunflower
2468,rose
2469,dandelion
2470,tulip
2471,rose
2472,rose
2473,rose
2474,tulip
2475,sunflower
2476,rose
2477,sunflower
2478,rose
2479,sunflower
2480,rose
2481,dandelion
2482,dandelion
2483,sunflower
2484,daisy
2485,dandelion
2486,sunflower
2487,sunflower
2488,daisy
2489,dandelion
2490,tulip
2491,rose
2492,daisy
2493,daisy
2494,dandelion
2495,sunflower
2496,tulip
2497,daisy
2498,rose
2499,dandelion
2500,sunflower
2501,rose
2502,rose
2503,tulip
2504,tulip
2505,sunflower
2506,rose
2507,rose
2508,rose
2509,tulip
2510,daisy
2511,daisy
2512,sunflower
2513,rose
2514,dandelion
2515,sunflower
2516,dandelion
2517,rose
2518,tulip
2519,rose
2520,rose
2521,rose
2522,dandelion
2523,daisy
2524,daisy
2525,rose
2526,tulip
2527,dandelion
2528,rose
2529,tulip
2530,daisy
2531,tulip
2532,dandelion
2533,sunflower
2534,daisy
2535,sunflower
2536,sunflower
2537,daisy
2538,dandelion
2539,tulip
2540,rose
2541,daisy
2542,rose
2543,dandelion
2544,daisy
2545,rose
2546,rose
2547,daisy
2548,sunflower
2549,rose
2550,daisy
2551,dandelion
2552,tulip
2553,tulip
2554,dandelion
2555,sunflower
2556,rose
2557,daisy
2558,tulip
2559,sunflower
2560,sunflower
2561,dandelion
2562,daisy
2563,daisy
2564,daisy
2565,dandelion
2566,dandelion
2567,sunflower
2568,rose
2569,daisy
2570,daisy
2571,daisy
2572,tulip
2573,tulip
2574,tulip
2575,dandelion
2576,rose
2577,sunflower
2578,tulip
2579,sunflower
2580,tulip
2581,sunflower
2582,rose
2583,tulip
2584,tulip
2585,rose
2586,tulip
2587,rose
2588,dandelion
2589,tulip
2590,dandelion
2591,rose
2592,dandelion
2593,dandelion
2594,dandelion
2595,daisy
2596,sunflower
2597,dandelion
2598,tulip
2599,daisy
2600,rose
2601,daisy
2602,daisy
2603,rose
2604,sunflower
2605,daisy
2606,daisy
2607,rose
2608,daisy
2609,dandelion
2610,daisy
2611,daisy
2612,daisy
2613,dandelion
2614,dandelion
2615,sunflower
2616,tulip
2617,tulip
2618,dandelion
2619,rose
2620,dandelion
2621,tulip
2622,dandelion
2623,dandelion
2624,tulip
2625,dandelion
2626,tulip
2627,dandelion
2628,sunflower
2629,tulip
2630,rose
2631,daisy
2632,daisy
2633,sunflower
2634,sunflower
2635,sunflower
2636,dandelion
2637,daisy
2638,dandelion
2639,daisy
2640,sunflower
2641,tulip
2642,rose
2643,sunflower
2644,daisy
2645,daisy
2646,dandelion
2647,tulip
2648,dandelion
2649,dandelion
2650,dandelion
2651,tulip
2652,rose
2653,sunflower
2654,daisy
2655,dandelion
2656,daisy
2657,dandelion
2658,sunflower
2659,rose
2660,daisy
2661,daisy
2662,sunflower
2663,sunflower
2664,dandelion
2665,rose
2666,tulip
2667,daisy
2668,daisy
2669,daisy
2670,rose
2671,tulip
2672,daisy
2673,daisy
2674,daisy
2675,dandelion
2676,rose
2677,dandelion
2678,sunflower
2679,dandelion
2680,dandelion
2681,tulip
2682,tulip
2683,daisy
2684,rose
2685,sunflower
2686,tulip
2687,sunflower
2688,dandelion
2689,daisy
2690,sunflower
2691,daisy
2692,rose
2693,tulip
2694,sunflower
2695,tulip
2696,daisy
2697,dandelion
2698,tulip
2699,daisy
2700,tulip
2701,rose
2702,daisy
2703,tulip
2704,daisy
2705,tulip
2706,tulip
2707,tulip
2708,daisy
2709,dandelion
2710,daisy
2711,dandelion
2712,sunflower
2713,rose
2714,daisy
2715,daisy
2716,sunflower
2717,dandelion
2718,tulip
2719,sunflower
2720,dandelion
2721,daisy
2722,dandelion
2723,dandelion
2724,rose
2725,tulip
2726,tulip
2727,tulip
2728,rose
2729,tulip
2730,tulip
2731,daisy
2732,daisy
2733,tulip
2734,rose
2735,sunflower
2736,tulip
2737,rose
2738,tulip
2739,tulip
2740,dandelion
2741,sunflower
2742,dandelion
2743,sunflower
2744,tulip
2745,sunflower
2746,rose
2747,dandelion
2748,tulip
2749,tulip
2750,dandelion
2751,daisy
2752,rose
2753,rose
2754,daisy
2755,rose
2756,tulip
2757,tulip
2758,sunflower
2759,dandelion
2760,dandelion
2761,rose
2762,daisy
2763,dandelion
2764,rose
2765,dandelion
2766,rose
2767,daisy
2768,sunflower
2769,dandelion
2770,rose
2771,rose
2772,tulip
2773,tulip
2774,daisy
2775,sunflower
2776,rose
2777,rose
2778,dandelion
2779,sunflower
2780,rose
2781,dandelion
2782,sunflower
2783,daisy
2784,tulip
2785,dandelion
2786,dandelion
2787,sunflower
2788,sunflower
2789,rose
2790,tulip
2791,tulip
2792,dandelion
2793,daisy
2794,tulip
2795,tulip
2796,dandelion
2797,sunflower
2798,sunflower
2799,tulip
2800,rose
2801,rose
2802,dandelion
2803,dandelion
2804,rose
2805,dandelion
2806,dandelion
2807,daisy
2808,rose
2809,dandelion
2810,tulip
2811,tulip
2812,daisy
2813,sunflower
2814,sunflower
2815,sunflower
2816,dandelion
2817,daisy
2818,dandelion
2819,tulip
2820,dandelion
2821,rose
2822,rose
2823,rose
2824,sunflower
2825,dandelion
2826,dandelion
2827,daisy
2828,dandelion
2829,daisy
2830,tulip
2831,sunflower
2832,tulip
2833,sunflower
2834,dandelion
2835,rose
2836,dandelion
2837,sunflower
2838,tulip
2839,dandelion
2840,tulip
2841,sunflower
2842,tulip
2843,dandelion
2844,dandelion
2845,dandelion
2846,dandelion
2847,daisy
2848,tulip
2849,sunflower
2850,sunflower
2851,dandelion
2852,dandelion
2853,tulip
2854,tulip
2855,daisy
2856,dandelion
2857,rose
2858,rose
2859,tulip
2860,sunflower
2861,daisy
2862,tulip
2863,daisy
2864,daisy
2865,dandelion
2866,tulip
2867,rose
2868,sunflower
2869,daisy
2870,daisy
2871,tulip
2872,rose
2873,dandelion
2874,daisy
2875,sunflower
2876,sunflower
2877,sunflower
2878,rose
2879,rose
2880,tulip
2881,rose
2882,rose
2883,tulip
2884,rose
2885,daisy
2886,dandelion
2887,dandelion
2888,tulip
2889,dandelion
2890,daisy
2891,daisy
2892,dandelion
2893,dandelion
2894,sunflower
2895,dandelion
2896,tulip
2897,dandelion
2898,daisy
2899,daisy
2900,tulip
2901,tulip
2902,dandelion
2903,daisy
2904,dandelion
2905,dandelion
2906,daisy
2907,rose
2908,rose
2909,daisy
2910,tulip
2911,sunflower
2912,dandelion
2913,tulip
2914,sunflower
2915,dandelion
2916,tulip
2917,tulip
2918,dandelion
2919,dandelion
2920,dandelion
2921,dandelion
2922,tulip
2923,dandelion
2924,rose
2925,rose
2926,rose
2927,daisy
2928,rose
2929,tulip
2930,dandelion
2931,dandelion
2932,dandelion
2933,rose
2934,rose
2935,daisy
2936,dandelion
2937,rose
2938,tulip
2939,sunflower
2940,sunflower
2941,rose
2942,daisy
2943,tulip
2944,rose
2945,rose
2946,dandelion
2947,tulip
2948,rose
2949,tulip
2950,rose
2951,sunflower
2952,sunflower
2953,rose
2954,sunflower
2955,dandelion
2956,dandelion
2957,daisy
2958,daisy
2959,rose
2960,sunflower
2961,sunflower
2962,sunflower
2963,tulip
2964,sunflower
2965,dandelion
2966,daisy
2967,rose
2968,tulip
2969,sunflower
2970,tulip
2971,dandelion
2972,dandelion
2973,sunflower
2974,tulip
2975,daisy
2976,tulip
2977,daisy
2978,dandelion
2979,daisy
2980,sunflower
2981,daisy
2982,rose
2983,dandelion
2984,daisy
2985,sunflower
2986,dandelion
2987,dandelion
2988,rose
2989,dandelion
2990,rose
2991,daisy
2992,rose
2993,daisy
2994,sunflower
2995,dandelion
2996,sunflower
2997,rose
2998,rose
2999,daisy
3000,dandelion
3001,rose
3002,tulip
3003,rose
3004,rose
3005,sunflower
3006,rose
3007,tulip
3008,rose
3009,dandelion
3010,dandelion
3011,sunflower
3012,sunflower
3013,rose
3014,dandelion
3015,dandelion
3016,tulip
3017,tulip
3018,daisy
3019,dandelion
3020,dandelion
3021,dandelion
3022,dandelion
3023,rose
3024,tulip
3025,tulip
